{"cameraMode":{"drawMode":0,"name":"Shaded","section":"Shading Mode"},"sceneLighting":false,"audioPlay":false,"sceneViewState":{"showFog":true,"showMaterialUpdate":true,"showSkybox":true,"showFlares":true,"showImageEffects":true,"showParticleSystems":true},"in2DMode":false,"pivot":{"x":16.879928588867189,"y":3.662127733230591,"z":7.9920854568481449},"rotation":{"x":0.26545560359954836,"y":0.028930945321917535,"z":-0.007966541685163975,"w":0.9636560082435608},"size":830.5252075195313,"orthographic":true}